system,run1,Mean_10runs,Std_10runs
AGRAG,6.865451533255647,6.865451533255647,0.0
GRAG,67.75541830064982,67.75541830064982,0.0
HRAG,37.05414672494358,37.05414672494358,0.0
RAG,1.270559806038033,1.270559806038033,0.0
